code;economy;year;gdp_pc;life;infant;unemployment;electricity
ABW;Aruba;2010;25429.2180974853;74.297;;;93.4
ABW;Aruba;2019;29700.3634670565;76.019;;;100
AFG;Afghanistan;2010;542.871030476037;60.702;76.9;7.809;42.7
AFG;Afghanistan;2019;557.861533207459;62.941;56.6;11.187;97.7
AGO;Angola;2010;3540.79159568681;57.242;51.1;16.595;35
AGO;Angola;2019;3105.59971242672;63.051;35.5;16.497;45.6
ALB;Albania;2010;3579.82413181046;78.414;9.6;14.086;99.6
ALB;Albania;2019;5072.43648354739;79.467;8;11.466;100
AND;Andorra;2010;36277.2644425331;84.197;4.2;;100
AND;Andorra;2019;39346.275035865;84.098;2.9;;100
ARE;United Arab Emirates;2010;42328.84668186;81.886;7;2.798;100
ARE;United Arab Emirates;2019;43468.4534705013;82.596;5;2.331;100
ARG;Argentina;2010;13387.1553748458;75.68;12.4;7.714;98.8
ARG;Argentina;2019;12706.3978108968;76.847;8.9;9.843;100
ARM;Armenia;2010;2796.08143428043;73.1731707317073;16.3;19.523;99.8
ARM;Armenia;2019;4343.45839583019;76.2219512195122;10.7;18.304;100
ASM;American Samoa;2010;12446.3086265015;72.587;;;
ASM;American Samoa;2019;12524.0160252283;72.751;;;
ATG;Antigua and Barbuda;2010;16135.397384487;76.701;9.5;;98.7
ATG;Antigua and Barbuda;2019;18525.2588907167;77.168;8;;100
AUS;Australia;2010;53768.349733441;81.6951219512195;4;5.214;100
AUS;Australia;2019;59181.2997904131;82.9;3.2;5.143;100
AUT;Austria;2010;43035.4073531933;80.5804878048781;3.6;4.883;100
AUT;Austria;2019;46550.5622459492;81.8951219512195;2.9;4.56;100
AZE;Azerbaijan;2010;5300.11048729062;70.309;29.7;5.63;99.9
AZE;Azerbaijan;2019;5346.95318604114;73.29;16.5;5;100
BDI;Burundi;2010;253.308577749924;57.088;55.1;1.615;5.3
BDI;Burundi;2019;270.411005710809;62.18;35.7;1.043;9.8
BEL;Belgium;2010;39991.5646206286;80.1829268292683;3.7;8.293;100
BEL;Belgium;2019;43006.4042308863;81.9951219512195;3.3;5.364;100
BEN;Benin;2010;928.246655329144;58.387;63.8;1.04;34.2
BEN;Benin;2019;1114.17304526443;59.888;51.8;1.214;40
BFA;Burkina Faso;2010;561.847221302489;56.343;66;3.725;13.1
BFA;Burkina Faso;2019;717.021595096634;60.184;50.2;4.493;17.6
BGD;Bangladesh;2010;943.66422864236;68.009;36.8;3.379;55.3
BGD;Bangladesh;2019;1564.20802445636;72.625;25.4;4.504;92.2
BGR;Bulgaria;2010;6429.04599233108;73.5121951219512;9.1;10.279;93.5
BGR;Bulgaria;2019;8626.5750265742;75.1121951219512;5.5;4.148;99.2
BHR;Bahrain;2010;22224.0736166249;78.593;7.1;1.13;100
BHR;Bahrain;2019;24873.6640060134;80.471;6.5;1.217;100
BHS;Bahamas, The;2010;30657.4319059659;73.449;13.4;14.435;100
BHS;Bahamas, The;2019;31117.6299132391;71.408;16;9.336;100
BIH;Bosnia and Herzegovina;2010;3981.20985692032;76.827;6;27.312;99.5
BIH;Bosnia and Herzegovina;2019;5583.29721276458;77.394;5.9;15.692;100
BLR;Belarus;2010;5616.0941173307;70.4048780487805;4.2;6.052;94.4
BLR;Belarus;2019;6267.73508743505;74.2268292682927;2.4;4.165;100
BLZ;Belize;2010;5937.75398343789;70.875;15.5;8.412;89.9
BLZ;Belize;2019;5864.14611827109;72.577;11.4;9.053;92.7
BMU;Bermuda;2010;118382.908990645;79.414;;;100
BMU;Bermuda;2019;106709.881238843;81.251;;;100
BOL;Bolivia;2010;2481.4070083834;66.003;31.5;2.609;88
BOL;Bolivia;2019;3207.38695231128;67.82;18.4;3.682;95.1
BRA;Brazil;2010;8792.63436120342;73.779;16;8.42;98.6
BRA;Brazil;2019;8771.44051292177;75.809;12.9;11.936;99.8
BRB;Barbados;2010;21285.0039393558;75.488;12.7;10.69;100
BRB;Barbados;2019;20687.6467427909;76.495;10.6;8.41;100
BRN;Brunei Darussalam;2010;33121.3178241724;74.82;8.2;6.487;100
BRN;Brunei Darussalam;2019;29996.2407223175;75.049;9;6.6;100
BTN;Bhutan;2010;2378.72810760985;68.765;31.5;3.32;73.3
BTN;Bhutan;2019;3467.38598979356;72.005;17.9;2.72;100
BWA;Botswana;2010;5584.5034321846;59.137;53.3;17.86;52
BWA;Botswana;2019;6951.73189051146;67.167;37.4;20.094;70.1
CAF;Central African Republic;2010;519.141456408484;46.871;88.5;5.658;9.8
CAF;Central African Republic;2019;401.82582161435;31.53;128.9;5.916;14.3
CAN;Canada;2010;41164.3812486578;81.3221951219512;5;8.178;100
CAN;Canada;2019;45100.336805859;82.1585365853659;4.5;5.69;100
CHE;Switzerland;2010;83069.4276373455;82.2463414634147;3.9;4.808;100
CHE;Switzerland;2019;88932.4119306425;83.9048780487805;3.5;4.394;100
CHI;Channel Islands;2010;64722.9832990297;81.2;;7.024;100
CHI;Channel Islands;2019;64594.5213908684;81.2;;6.185;100
CHL;Chile;2010;11649.2897090856;79.095;7.5;8.547;99.5
CHL;Chile;2019;13631.9284885172;80.324;6;7.493;100
CHN;China;2010;5764.65012366375;75.668;12.4;4.53;99.7
CHN;China;2019;10356.2924890582;77.94;6;4.56;100
CIV;Cote d'Ivoire;2010;1540.52927270246;55.282;68.4;6.607;58.4
CIV;Cote d'Ivoire;2019;2093.09994335779;60.274;51.8;2.401;68.6
CMR;Cameroon;2010;1290.9013745759;56.965;63.9;4.11;52.8
CMR;Cameroon;2019;1470.31785276187;61.695;46.9;3.632;63.2
COD;Congo, Dem. Rep.;2010;403.722373878525;56.411;59.5;4.098;13
COD;Congo, Dem. Rep.;2019;482.524295129472;60.242;56.5;4.605;19.1
COG;Congo, Rep.;2010;2332.28508055953;61.731;41.2;19.3;40
COG;Congo, Rep.;2019;1885.51080877731;63.152;33.2;20.494;47.7
COL;Colombia;2010;5214.24547620131;74.876;16.2;11.153;96.8
COL;Colombia;2019;6439.96359812647;76.793;12.3;10.28;99.4
COM;Comoros;2010;1272.60716208007;62.747;47.6;4.19;69.7
COM;Comoros;2019;1389.36488014859;65.662;39.8;3.926;83.3
CPV;Cabo Verde;2010;3194.61667734233;72.507;23.8;10.67;81.1
CPV;Cabo Verde;2019;4115.90283469406;75.449;13.2;12.123;91.4
CRI;Costa Rica;2010;10285.0856777667;79.354;9;7.171;99
CRI;Costa Rica;2019;12944.013449341;80.296;7.9;10.807;99.7
CUB;Cuba;2010;6716.49048497058;77.876;4.9;2.5;97.8
CUB;Cuba;2019;8124.75282059108;77.413;5.4;1.705;99.8
CUW;Curacao;2010;20706.4374577658;75.117;;;100
CUW;Curacao;2019;17980.5298177114;76.492;;;100
CYM;Cayman Islands;2010;79483.0972813604;76.069;;;100
CYM;Cayman Islands;2019;80714.5718222987;79.052;;;100
CYP;Cyprus;2010;26090.037109375;80.632;2.7;6.359;100
CYP;Cyprus;2019;28167.146484375;81.454;2.5;7.155;100
CZE;Czechia;2010;16665.9317825137;77.4243902439025;2.7;7.281;100
CZE;Czechia;2019;20360.0599221814;79.2292682926829;2.4;2.015;100
DEU;Germany;2010;38526.7371042695;79.9878048780488;3.5;7.043;100
DEU;Germany;2019;44235.2658954682;81.2926829268293;3.1;3.163;100
DJI;Djibouti;2010;;60.743;64.6;26.368;57.9
DJI;Djibouti;2019;2781.94350113484;64.381;50.2;26.257;64.7
DMA;Dominica;2010;8574.27308682238;71.68;22.4;;91.3
DMA;Dominica;2019;8624.51695993537;71.305;30.6;;99.9
DNK;Denmark;2010;51209.4492757775;79.1;3.5;7.746;100
DNK;Denmark;2019;57114.6227336347;81.4512195121951;3.3;5.018;100
DOM;Dominican Republic;2010;5666.45633430206;72.039;30.5;5.212;98.1
DOM;Dominican Republic;2019;8117.04639185786;73.112;30.9;6.356;99
DZA;Algeria;2010;4456.6102741643;74.144;24.4;9.96;98.9
DZA;Algeria;2019;4672.66408678635;75.682;20.7;12.302;99.5
ECU;Ecuador;2010;5022.20374387205;75.188;16;4.088;97.5
ECU;Ecuador;2019;5971.38938386723;77.286;11.7;3.812;99.1
EGY;Egypt, Arab Rep.;2010;3233.84521249306;69.078;27.2;8.757;99.4
EGY;Egypt, Arab Rep.;2019;3701.2446344954;71.213;22.9;7.851;100
ERI;Eritrea;2010;703.877374381654;63.665;37.5;5.854;40.1
ERI;Eritrea;2019;;67.306;28.7;5.812;50.3
ESP;Spain;2010;25766.2515825743;81.6268292682927;3.2;19.86;100
ESP;Spain;2019;28301.4393949563;83.8317073170732;2.6;14.104;100
EST;Estonia;2010;14657.939813612;75.4292682926829;3.6;16.707;100
EST;Estonia;2019;20579.8756732376;78.6463414634147;1.9;4.514;100
ETH;Ethiopia;2010;421.898622378633;59.709;59.2;2.295;25.5
ETH;Ethiopia;2019;744.702789740042;65.741;40.8;2.928;48
FIN;Finland;2010;43556.5385834368;79.8707317073171;2.4;8.394;100
FIN;Finland;2019;45898.5708448954;81.9829268292683;1.9;6.695;100
FJI;Fiji;2010;4272.35916210382;66.778;16.6;4.345;92.4
FJI;Fiji;2019;5701.10434532357;67.009;20.3;4.661;96.1
FRA;France;2010;35578.1968010183;81.6634146341463;3.1;9.279;100
FRA;France;2019;38705.2072940618;82.8268292682927;3.3;8.415;100
FRO;Faroe Islands;2010;42334.391628988;80.604956097561;;;100
FRO;Faroe Islands;2019;56031.6628701293;82.3912829268293;;;100
FSM;Micronesia, Fed. Sts.;2010;2901.24604798215;64.892;30.3;;64.5
FSM;Micronesia, Fed. Sts.;2019;3043.07718989012;66.196;23.7;;80.1
GAB;Gabon;2010;6481.49612073562;64.715;38.8;20.39;89.3
GAB;Gabon;2019;6817.56879468764;67.337;30.1;20.371;90.3
GBR;United Kingdom;2010;42762.720840223;80.4024390243902;4.4;7.973;100
GBR;United Kingdom;2019;47866.9140354078;81.3691219512195;3.8;3.657;100
GEO;Georgia;2010;3090.06513662318;71.732;11.8;20.203;100
GEO;Georgia;2019;4975.81148194814;74.165;8.2;11.565;100
GHA;Ghana;2010;1381.2279503506;61.297;45.8;5.384;64.2
GHA;Ghana;2019;1999.55372220211;64.455;32.9;3.067;83.5
GIB;Gibraltar;2010;;82.08;;;100
GIB;Gibraltar;2019;;83.183;;;100
GIN;Guinea;2010;675.736917327708;56.431;74.4;5.018;28.1
GIN;Guinea;2019;926.42221954853;59.379;67;5.018;42.2
GMB;Gambia, The;2010;701.014524591061;61.167;51.5;9.673;46.8
GMB;Gambia, The;2019;682.797642940426;64.427;38.2;4.481;62.1
GNB;Guinea-Bissau;2010;625.904027290582;56.999;67.9;3.121;6
GNB;Guinea-Bissau;2019;706.298562874985;62.161;48.6;2.413;30.9
GNQ;Equatorial Guinea;2010;10984.3243932426;58.344;74.3;7.847;66.1
GNQ;Equatorial Guinea;2019;6018.12066321865;62.297;55.7;7.917;66.6
GRC;Greece;2010;21547.724178239;80.3878048780488;3.3;12.719;100
GRC;Greece;2019;19216.6759579785;81.6390243902439;3.5;17.045;100
GRD;Grenada;2010;7670.71165827663;74.731;13.9;;89.4
GRD;Grenada;2019;9785.56040240592;74.971;16.8;;93
GRL;Greenland;2010;43481.5161087805;69.349756097561;;;100
GRL;Greenland;2019;48170.7896955512;71.4092682926829;;;100
GTM;Guatemala;2010;3546.62750929879;69.885;28;3.497;84.3
GTM;Guatemala;2019;4139.12206338632;71.639;20.2;2.193;95.4
GUM;Guam;2010;32644.1484056205;76.095;;8.2;100
GUM;Guam;2019;36830.1264410973;76.645;;5.405;100
GUY;Guyana;2010;4860.09110980566;66.204;34;11.632;83.3
GUY;Guyana;2019;6278.63054079553;69.067;27.1;13.172;91.6
HKG;Hong Kong SAR, China;2010;38090.0154420129;82.9575609756098;;4.329;100
HKG;Hong Kong SAR, China;2019;44195.2741142906;85.1558536585366;;2.917;100
HND;Honduras;2010;2108.47314459603;69.77;20.1;4.119;81
HND;Honduras;2019;2447.61649282181;72.124;14.9;5.698;91.1
HRV;Croatia;2010;11965.1414956676;76.4756097560976;4.7;11.62;100
HRV;Croatia;2019;14641.8735578488;78.2243902439024;4;6.551;100
HTI;Haiti;2010;1317.58389339746;45.577;79.3;15.244;37.2
HTI;Haiti;2019;1394.42114071112;64.328;44.7;14.095;45.4
HUN;Hungary;2010;11287.3686666108;74.2073170731707;5.1;11.172;100
HUN;Hungary;2019;15290.8085466331;76.3195121951219;3.4;3.411;100
IDN;Indonesia;2010;2670.8129098953;68.364;27;5.614;94.2
IDN;Indonesia;2019;3850.90321738979;70.349;18.5;3.59;98.8
IMN;Isle of Man;2010;70747.8417587183;79.613;;;100
IMN;Isle of Man;2019;95110.1385990737;80.74;;;100
IND;India;2010;1235.15939132939;67.162;46.3;7.631;76.3
IND;India;2019;1936.03067741063;70.746;29.8;6.51;95.9
IRL;Ireland;2010;46991.6464673949;80.7439024390244;3.6;14.534;100
IRL;Ireland;2019;76485.635854651;82.7024390243903;3;4.95;100
IRN;Iran, Islamic Rep.;2010;5249.06133369759;74.39;17.3;13.679;99.4
IRN;Iran, Islamic Rep.;2019;4952.45669081078;76.855;12.1;10.74;100
IRQ;Iraq;2010;3881.94327045302;68.092;30.9;8.267;98.4
IRQ;Iraq;2019;4898.14897668582;71.245;23.5;14.096;100
ISL;Iceland;2010;49528.4864733411;81.8975609756097;2;7.564;100
ISL;Iceland;2019;57118.8452777198;83.1634146341463;2.1;3.507;100
ISR;Israel;2010;33307.1044316197;81.6024390243903;3.7;8.48;100
ISR;Israel;2019;39322.038041422;82.8048780487805;2.9;3.731;100
ITA;Italy;2010;31928.5543621096;82.0365853658537;3.4;8.363;100
ITA;Italy;2019;32180.4341017428;83.4975609756098;2.6;9.884;100
JAM;Jamaica;2010;5271.57221477938;71.979;17.4;7.63;92.2
JAM;Jamaica;2019;5814.79275311692;71.532;17.2;4.987;98.9
JOR;Jordan;2010;5066.49720027725;73.797;17;12.5;100
JOR;Jordan;2019;4313.80791426608;76.865;13.7;16.801;99.9
JPN;Japan;2010;33311.2872381879;82.8426829268293;2.4;5.102;100
JPN;Japan;2019;36837.2583653113;84.3563414634146;1.8;2.351;100
KAZ;Kazakhstan;2010;8704.70655484556;68.257;16.7;5.77;100
KAZ;Kazakhstan;2019;10989.6840718388;73.658;8.1;4.8;100
KEN;Kenya;2010;1340.16467408856;60.915;41.5;2.793;19.2
KEN;Kenya;2019;1645.70961777862;62.939;37;5.014;69.7
KGZ;Kyrgyz Republic;2010;962.764789828724;69.3;25.6;3.503;99
KGZ;Kyrgyz Republic;2019;1201.87701429721;71.6;16;5.45;99.9
KHM;Cambodia;2010;1155.85236856699;67.311;37.2;0.771;31.1
KHM;Cambodia;2019;2008.32094006706;70.127;20.1;0.119;84
KIR;Kiribati;2010;1328.78776438805;65.859;42.3;;63.2
KIR;Kiribati;2019;1834.42627824847;65.866;42.9;;89.3
KNA;St. Kitts and Nevis;2010;17688.0690103409;71.452;16.1;;99.8
KNA;St. Kitts and Nevis;2019;22297.7644995701;71.54;15.9;;100
KOR;Korea, Rep.;2010;26623.0487122927;80.1170731707317;3.3;3.324;100
KOR;Korea, Rep.;2019;33496.3113815643;83.2268292682927;2.6;3.746;100
KWT;Kuwait;2010;32568.4981754501;77.7262195121951;9.1;1.82;100
KWT;Kuwait;2019;26580.2264741607;81.969756097561;7.6;2.213;100
LAO;Lao PDR;2010;1564.91068311647;63.69;51.2;0.708;70.2
LAO;Lao PDR;2019;2554.95638019245;67.911;33.3;2.531;98.4
LBN;Lebanon;2010;8955.54336184707;77.529;11.4;6.768;99.5
LBN;Lebanon;2019;8064.04873416236;78.208;12.6;11.301;100
LBR;Liberia;2010;621.783295071575;59.358;71.7;2.266;5.3
LBR;Liberia;2019;636.699384824869;61.232;63.3;3.071;23.1
LBY;Libya;2010;12913.9334939386;72.196;13;19.321;81.9
LBY;Libya;2019;8768.4104874586;72.941;9.2;19.087;68.5
LCA;St. Lucia;2010;10191.3146827694;72.768;16.7;17.118;94.2
LCA;St. Lucia;2019;11077.9479823807;72.249;16.6;15.613;100
LIE;Liechtenstein;2010;;81.8414634146342;;;100
LIE;Liechtenstein;2019;;84.1609756097561;;;100
LKA;Sri Lanka;2010;2993.01410960302;74.463;9.1;4.784;85.3
LKA;Sri Lanka;2019;4455.78188788143;76.698;6.2;4.67;99.8
LSO;Lesotho;2010;995.233432451681;46.045;73.6;16.068;17
LSO;Lesotho;2019;1040.99351014117;55.249;63.5;16.876;44.6
LTU;Lithuania;2010;10884.1161852582;73.2682926829268;4.9;17.814;99.7
LTU;Lithuania;2019;17431.7239081591;76.2829268292683;3.3;6.255;100
LUX;Luxembourg;2010;106545.854916218;80.6317073170732;2.4;4.423;100
LUX;Luxembourg;2019;107591.899505248;82.6390243902439;2;5.592;100
LVA;Latvia;2010;10500.8666223014;73.4829268292683;6.4;19.482;99.8
LVA;Latvia;2019;15328.3859933295;75.3878048780488;3.3;6.312;100
MAC;Macao SAR, China;2010;74195.0577762344;82.2731707317073;;2.84;100
MAC;Macao SAR, China;2019;75724.6078280261;83.9292682926829;;1.73;100
MAF;St. Martin (French part);2010;;78.752;;;100
MAF;St. Martin (French part);2019;;80.078;;;100
MAR;Morocco;2010;2767.04223632813;70.821;28.1;9.09;95.7
MAR;Morocco;2019;3364.73950195313;74.245;17.8;9.191;99.6
MCO;Monaco;2010;141814.720026733;84.644;3.3;;100
MCO;Monaco;2019;185582.66851648;86.151;2.6;;100
MDA;Moldova;2010;2269.51116145996;69.876;15.2;2.972;99.3
MDA;Moldova;2019;3438.67732670712;70.181;14.1;1.502;100
MDG;Madagascar;2010;447.417143030687;62.597;46.2;4.28;12.3
MDG;Madagascar;2019;467.27741349648;63.504;44.1;2.479;31
MDV;Maldives;2010;8569.52494600725;76.756;11.9;10.875;99
MDV;Maldives;2019;11194.9253748064;79.707;6.4;4.562;100
MEX;Mexico;2010;9389.06722076504;73.718;17;5.303;99.2
MEX;Mexico;2019;10159.4448367696;74.53;13.7;3.477;99.6
MHL;Marshall Islands;2010;3441.31888402121;64.498;32.2;;89.4
MHL;Marshall Islands;2019;5162.81500670348;66.047;26.2;;96.8
MKD;North Macedonia;2010;4582.36517512347;74.9975609756098;9.2;33.135;99.5
MKD;North Macedonia;2019;5961.58475399191;76.6024390243903;6.3;17.414;100
MLI;Mali;2010;821.181286586904;55.993;76.7;1.375;27
MLI;Mali;2019;909.751069706998;59.217;57.6;3.29;47.9
MLT;Malta;2010;20750.6382477568;81.3975609756098;6;6.861;100
MLT;Malta;2019;29522.6480165028;82.6585365853659;5.4;4.08;100
MMR;Myanmar;2010;854.932478016035;63.479;53.8;0.725;48.8
MMR;Myanmar;2019;1440.98988236734;66.457;38.4;0.407;68.3
MNE;Montenegro;2010;5917.91510729977;75.990243902439;5.8;19.649;99.2
MNE;Montenegro;2019;7470.29237568568;76.6829268292683;2.6;15.128;100
MNG;Mongolia;2010;2611.67326563924;68.5056097560976;20.8;6.549;78.5
MNG;Mongolia;2019;4337.8167085432;71.0531707317073;12.8;9.024;98.9
MNP;Northern Mariana Islands;2010;16293.3059496259;77.8;;;100
MNP;Northern Mariana Islands;2019;21451.4401636511;77.844;;;100
MOZ;Mozambique;2010;494.162859074785;55.04;63.6;3.259;18.9
MOZ;Mozambique;2019;617.13932000195;61.306;49.2;4.462;29.7
MRT;Mauritania;2010;1463.84763242531;65.661;42.7;10.093;34.2
MRT;Mauritania;2019;1609.15396170643;67.64;34.9;10.416;44.9
MUS;Mauritius;2010;8100.95282599507;72.9673170731707;13;7.654;99.4
MUS;Mauritius;2019;11111.3423669526;74.2358536585366;14;6.331;100
MWI;Malawi;2010;508.088650552846;57.787;51.5;4.78;8.7
MWI;Malawi;2019;569.866249371948;64.995;38.3;4.964;11.2
MYS;Malaysia;2010;8118.92270511981;75.376;6.5;3.32;99.5
MYS;Malaysia;2019;10902.9834855856;75.9;6.8;3.33;100
NAM;Namibia;2010;4165.12990200988;56.093;43.7;22.12;44.4
NAM;Namibia;2019;4243.09274481966;63.546;42.8;19.929;53.3
NCL;New Caledonia;2010;;75.992;;13.998;100
NCL;New Caledonia;2019;;77.262;;10.88;100
NER;Niger;2010;441.079166112039;57.08;70.9;0.718;13.6
NER;Niger;2019;526.60361746086;60.031;69.3;0.531;18.5
NGA;Nigeria;2010;2315.46676509642;51.315;71.1;3.744;48
NGA;Nigeria;2019;2431.53528475874;53.009;69.1;5.206;55.4
NIC;Nicaragua;2010;1704.37875049059;71.761;20.1;7.83;80.1
NIC;Nicaragua;2019;2019.91518620044;73.764;12.6;5.457;85.7
NLD;Netherlands;2010;44659.2793901474;80.7024390243902;3.8;4.991;100
NLD;Netherlands;2019;49254.024789064;82.1121951219512;3.5;3.379;100
NOR;Norway;2010;74505.4313586335;80.9975609756098;2.7;3.527;100
NOR;Norway;2019;79937.5097885912;82.9585365853659;2;3.684;100
NPL;Nepal;2010;721.265221364302;66.772;40.1;10.563;68.6
NPL;Nepal;2019;1077.11796498188;69.299;27.1;10.477;89.9
NRU;Naoero;2010;4748.76539924078;60.074;24.4;;99.2
NRU;Naoero;2019;7687.19643322519;61.393;11.1;;100
NZL;New Zealand;2010;35476.3713609154;80.9048780487805;5.2;6.557;100
NZL;New Zealand;2019;40615.7266946543;82.0560975609756;4.4;4.109;100
OMN;Oman;2010;22766.0503620721;77.184;9.5;3.911;100
OMN;Oman;2019;18089.586668488;79.946;8.7;2.045;100
PAK;Pakistan;2010;1256.69482201323;64.378;72.8;0.653;87.1
PAK;Pakistan;2019;1573.8330826937;66.729;56.3;4.83;93.9
PAN;Panama;2010;10698.0717633911;76.417;14.9;5.845;86.8
PAN;Panama;2019;15602.5315209709;78.514;12.6;6.256;93.9
PER;Peru;2010;5167.39259325937;72.886;16.5;3.6;88.1
PER;Peru;2019;6626.26083494969;76.275;12.5;3.379;95.6
PHL;Philippines;2010;2373.14312064664;68.883;23;3.605;85.5
PHL;Philippines;2019;3575.88170922922;69.68;22.6;2.237;95.3
PLW;Palau;2010;12933.0676102142;68.347;16.6;;98.8
PLW;Palau;2019;15606.4827634374;68.982;19.8;;100
PNG;Papua New Guinea;2010;2140.50939027384;63.056;46.1;2.002;19.5
PNG;Papua New Guinea;2019;2572.56177967896;65.331;36.2;2.651;23.6
POL;Poland;2010;10808.3975674238;76.2463414634146;5.1;9.578;100
POL;Poland;2019;15221.3090624454;77.9048780487805;3.8;3.267;100
PRI;Puerto Rico (US);2010;28569.5077088001;78.717;;16.1;100
PRI;Puerto Rico (US);2019;29185.0969964707;81.438;;8.3;100
PRK;Korea, Dem. People's Rep.;2010;;70.246;22.9;3.419;29.3
PRK;Korea, Dem. People's Rep.;2019;;72.928;14.3;3.439;48.4
PRT;Portugal;2010;19698.6836791397;79.0268292682927;3;10.771;100
PRT;Portugal;2019;21569.1874752919;81.6756097560976;2.8;6.422;100
PRY;Paraguay;2010;5191.05014254402;72.551;22.5;4.569;97.4
PRY;Paraguay;2019;6243.53620897773;73.668;17;6.595;99.7
PSE;West Bank and Gaza;2010;2927.08101953403;73.302;19;21.416;99.9
PSE;West Bank and Gaza;2019;3378.4346209191;75.811;13.6;25.34;100
PYF;French Polynesia;2010;19913.0252687915;81.141;;12.133;100
PYF;French Polynesia;2019;21289.8751241139;83.195;;11.591;100
QAT;Qatar;2010;74271.9022959058;79.444;7.5;0.45;100
QAT;Qatar;2019;63430.4607609581;82.945;5.4;0.1;100
ROU;Romania;2010;7660.70667630517;73.4585365853659;10.5;6.959;97.1
ROU;Romania;2019;11197.3162915853;75.6073170731707;5.6;3.912;100
RUS;Russian Federation;2010;8755.1201171875;68.8412195121951;8.3;7.407;99.3
RUS;Russian Federation;2019;9882.0244140625;73.0839024390244;4.8;4.513;99.8
RWA;Rwanda;2010;579.419162804581;62.804;42.6;11.637;9.7
RWA;Rwanda;2019;863.872077583172;66.691;31.7;11.236;46.6
SAU;Saudi Arabia;2010;21830.1424272816;75.616;10.4;5.55;100
SAU;Saudi Arabia;2019;24905.6697428558;78.313;5.7;5.636;100
SDN;Sudan;2010;1311.22314453125;62.979;54.3;15.168;36
SDN;Sudan;2019;1126.55297851563;65.803;43.4;11.697;57.6
SEN;Senegal;2010;1153.53431121583;64.221;41.5;2.795;56.5
SEN;Senegal;2019;1379.60875249843;67.668;34.8;2.863;70.4
SGP;Singapore;2010;48752.0515441859;81.5414634146342;2.2;4.12;100
SGP;Singapore;2019;61106.3119775351;83.5951219512195;2;3.1;100
SLB;Solomon Islands;2010;2058.95691648883;68.669;21.4;1.617;35.4
SLB;Solomon Islands;2019;2043.09139778307;69.981;18.7;0.746;69.4
SLE;Sierra Leone;2010;902.769891411394;51.927;90.8;4.34;11.5
SLE;Sierra Leone;2019;1046.96778078594;59.593;64;3.204;22.7
SLV;El Salvador;2010;3398.49346060363;70.909;15.6;4.893;91.6
SLV;El Salvador;2019;4143.11437097867;71.725;10.6;4.17;97.4
SMR;San Marino;2010;49672.6753589594;83.464;2.4;;100
SMR;San Marino;2019;43525.4039798176;85.257;1.5;;100
SOM;Somalia, Fed. Rep.;2010;329.970504936872;48.9;112.5;18.741;52.3
SOM;Somalia, Fed. Rep.;2019;494.444039712384;57.249;75;18.828;49.2
SRB;Serbia;2010;5690.70327182682;74.3365853658537;6.6;19.204;99.7
SRB;Serbia;2019;6870.75810896296;75.9365853658537;4.8;10.395;99.8
SSD;South Sudan;2010;2295.07026096006;57.485;78.2;12.473;1.5
SSD;South Sudan;2019;;58.129;71.9;12.656;6.8
STP;Sao Tome and Principe;2010;1216.3502521663;63.867;23.2;14.628;61.4
STP;Sao Tome and Principe;2019;1420.66008316091;68.043;11.3;8.835;75.1
SUR;Suriname;2010;8603.90786745855;69.626;21.2;7.15;91.2
SUR;Suriname;2019;8677.30522021731;71.773;17.1;7.755;97.9
SVK;Slovak Republic;2010;14596.1477776887;75.1121951219512;5.7;14.387;100
SVK;Slovak Republic;2019;18250.9802475637;77.6658536585366;5;5.761;100
SVN;Slovenia;2010;20444.1201295876;79.4219512195122;2.6;7.236;100
SVN;Slovenia;2019;23943.1800949889;81.5292682926829;2;4.446;100
SWE;Sweden;2010;48205.5492512742;81.4512195121951;2.5;8.61;100
SWE;Sweden;2019;53024.4099494317;83.109756097561;2.2;6.833;100
SWZ;Eswatini;2010;3069.52175725884;48.331;60.4;26.856;45.6
SWZ;Eswatini;2019;3759.67106964666;59.85;47.6;28.222;77
SXM;Sint Maarten (Dutch part);2010;38403.0705201664;74.821;;;100
SXM;Sint Maarten (Dutch part);2019;33877.976645467;75.68;;;100
SYC;Seychelles;2010;12313.5566919249;73.1975609756098;12.6;;97
SYC;Seychelles;2019;19481.6461053742;74.0463414634146;13.6;;100
SYR;Syrian Arab Republic;2010;1526.36518590261;73.542;17.5;8.61;92.7
SYR;Syrian Arab Republic;2019;771.517948289192;70.97;21.1;13.369;89.2
TCA;Turks and Caicos Islands;2010;29111.8729223189;76.784;4.8;;100
TCA;Turks and Caicos Islands;2019;52419.8862128617;77.691;3.6;;100
TCD;Chad;2010;956.953018707396;50.107;82;0.911;6.4
TCD;Chad;2019;917.203710060136;52.993;64.6;1.077;8.4
TGO;Togo;2010;686.014185396121;57.24;53;2.379;30.8
TGO;Togo;2019;900.166602437871;61.061;40.2;2.036;52.5
THA;Thailand;2010;5059.35747831657;75.012;11.9;0.622;99.7
THA;Thailand;2019;6434.53770518034;77.197;8.9;0.716;99.9
TJK;Tajikistan;2010;770.604105393791;68.37;30.4;7.037;98.8
TJK;Tajikistan;2019;1148.34676712493;70.962;25;7.026;99.4
TKM;Turkmenistan;2010;3902.54200118683;68.608;35.3;4;100
TKM;Turkmenistan;2019;6719.32320157703;69.405;33.9;4.035;99.9
TLS;Timor-Leste;2010;1195.38067803197;63.66;52;3.301;38
TLS;Timor-Leste;2019;1507.24748294374;66.496;39.6;3.148;90.6
TON;Tonga;2010;3653.97817265087;71.319;10.6;1.501;92.8
TON;Tonga;2019;4566.07508700721;72.292;8.8;2.165;98.4
TTO;Trinidad and Tobago;2010;17938.0949459463;71.809;22.5;4.033;100
TTO;Trinidad and Tobago;2019;17225.361633712;72.836;19.2;3.523;100
TUN;Tunisia;2010;3906.90625867605;74.438;16.7;13.049;99.5
TUN;Tunisia;2019;4153.27978615515;75.599;14.4;17.153;100
TUR;Turkiye;2010;8472.57809050119;74.964;14.5;11.879;100
TUR;Turkiye;2019;12238.2950220128;77.737;9.4;13.73;100
TUV;Tuvalu;2010;2872.02011343345;64.834;26.7;;96.7
TUV;Tuvalu;2019;4323.09703196938;66.109;19.4;;99.7
TZA;Tanzania;2010;801.29931640625;61.127;48.3;3.03;14.8
TZA;Tanzania;2019;1051.7666015625;66.007;34.5;1.735;37.7
UGA;Uganda;2010;768.624091660131;59.959;49.9;3.623;12.1
UGA;Uganda;2019;920.939101515671;66.354;36.9;3.057;41.3
UKR;Ukraine;2010;2285.93383789063;70.188;11.4;8.1;100
UKR;Ukraine;2019;2398.07836914063;73.92;8.3;8.194;100
URY;Uruguay;2010;14722.3780081191;76.691;9.2;7.158;99.3
URY;Uruguay;2019;17758.4384273402;77.503;6.2;8.836;99.9
USA;United States;2010;52812.6829869279;78.5414634146342;6.2;9.633;100
USA;United States;2019;61047.9648238812;78.7878048780488;5.5;3.669;100
UZB;Uzbekistan;2010;2359.64199067641;69.836;27.8;5.36;99.6
UZB;Uzbekistan;2019;3733.50435754861;72.093;14.9;4.936;100
VCT;St. Vincent and the Grenadines;2010;6678.04200697308;70.66;18.9;19.924;92.7
VCT;St. Vincent and the Grenadines;2019;8294.67434486665;70.994;12.8;19.248;100
VEN;Venezuela, RB;2010;4323.73301534677;73.092;14.5;7.112;99.1
VEN;Venezuela, RB;2019;1759.05547364548;72.766;21.2;5.89;99.8
VGB;British Virgin Islands;2010;;76.289;14;;98.3
VGB;British Virgin Islands;2019;;76.845;13;;100
VIR;Virgin Islands (U.S.);2010;47162.7375570431;77.8658536585366;;11.059;100
VIR;Virgin Islands (U.S.);2019;36309.7438446842;79.6682926829268;;11.774;100
VNM;Viet Nam;2010;2027.58184375924;73.611;16.7;1.114;97.4
VNM;Viet Nam;2019;3241.07648966529;74.211;14.1;1.681;99.4
VUT;Vanuatu;2010;3214.3726213639;69.57;17.3;4.681;44.1
VUT;Vanuatu;2019;3349.5593410421;70.783;15.1;5.444;64.5
WSM;Samoa;2010;4081.15535978003;71.451;15.2;5.621;96.4
WSM;Samoa;2019;4466.08075482035;70.269;14.9;7.858;99.2
XKX;Kosovo;2010;2822.63227046091;74.609;18.3;;
XKX;Kosovo;2019;4219.06495675744;77.249;10.2;;
YEM;Yemen, Rep.;2010;2356.19960422096;67.223;46.7;12.777;60.8
YEM;Yemen, Rep.;2019;;66.567;39;17.213;72.8
ZAF;South Africa;2010;5953.94506512821;58.886;36;24.683;82.8
ZAF;South Africa;2019;6032.82972598668;66.071;25.1;28.468;85
ZMB;Zambia;2010;1183.41712409199;56.896;48.6;13.19;22
ZMB;Zambia;2019;1301.18132976178;62.914;36.1;5.538;43
ZWE;Zimbabwe;2010;1056.20884563889;51.925;67.4;5.469;38.9
ZWE;Zimbabwe;2019;1357.53087818754;61.06;55.8;7.373;46.7
